,Nodes in each layer,training accuracy,testing accuracy,training MSE,testing MSE
0,"(10, 10, 10)",0.6548117154811716,0.6390243902439025,0.34518828451882844,0.36097560975609755
1,"(13, 13, 13)",0.6548117154811716,0.6390243902439025,0.34518828451882844,0.36097560975609755
2,"(15, 15, 15)",0.6548117154811716,0.6390243902439025,0.34518828451882844,0.36097560975609755
