,Nodes in each layer,training accuracy,testing accuracy,training MSE,testing MSE
0,"(15, 15, 15)",0.7112970711297071,0.7170731707317073,0.28870292887029286,0.28292682926829266
1,"(10, 10, 10)",0.6548117154811716,0.6390243902439025,0.34518828451882844,0.36097560975609755
2,"(13, 13, 13)",0.34518828451882844,0.36097560975609755,0.6548117154811716,0.6390243902439025
